iteration,Episode_Reward/progress,Train/mean_episode_length,Episode_Termination/time_out,Episode_Termination/torso_height,Episode_Reward/action_rate,Episode_Reward/body_sway
0,0.001537193777039647,19.68000030517578,0.015289306640625,1.52587890625e-05,,
1,-0.0026397977489978075,60.93000030517578,0.04804229736328125,0.008880615234375,,
2,4.132947651669383e-05,93.08000183105469,0.0771331787109375,0.07543182373046875,,
3,0.0011255601420998573,119.44000244140625,0.1016693115234375,0.163482666015625,,
4,0.002397342585027218,147.17999267578125,0.1211700439453125,0.2499847412109375,,
5,0.004757982213050127,160.49000549316406,0.13470458984375,0.32604217529296875,,
6,-0.00019431341206654906,175.36000061035156,0.1459808349609375,0.385162353515625,,
7,0.006795825902372599,187.13999938964844,0.15375518798828125,0.4317169189453125,,
8,-0.00037242542020976543,213.9499969482422,0.15911102294921875,0.4678802490234375,,
9,0.012251732870936394,244.27000427246094,0.16591644287109375,0.4929656982421875,,
10,0.005430456716567278,257.75,0.1751708984375,0.5092620849609375,,
11,0.005077428184449673,269.45001220703125,0.18630218505859375,0.5210418701171875,,
12,0.003020438365638256,301.5299987792969,0.19754791259765625,0.5288009643554688,,
13,0.003178421640768647,354.8699951171875,0.20977783203125,0.532318115234375,,
14,0.0017397301271557808,389.2200012207031,0.22364044189453125,0.5345687866210938,,
15,-0.012416570447385311,432.82000732421875,0.23943328857421875,0.5374298095703125,,
16,-0.01264148484915495,456.8800048828125,0.25182342529296875,0.5402145385742188,,
17,-0.005924460478127003,480.7799987792969,0.2641448974609375,0.5425567626953125,,
18,0.006261221133172512,549.8499755859375,0.27837371826171875,0.5440826416015625,,
19,-0.020018737763166428,590.5800170898438,0.29209136962890625,0.5451126098632812,,
20,-0.005706994328647852,580.02001953125,0.307403564453125,0.5467453002929688,,
21,0.010462064296007156,614.0499877929688,0.3206024169921875,0.5485382080078125,,
22,0.02783970721065998,631.9600219726562,0.3352813720703125,0.5503005981445312,,
23,0.0031699116807430983,660.02001953125,0.346221923828125,0.5523910522460938,,
24,-0.00286600599065423,660.8699951171875,0.3580780029296875,0.5550613403320312,,
25,0.016507796943187714,718.8300170898438,0.370758056640625,0.5574569702148438,,
26,0.013133294880390167,710.219970703125,0.3820953369140625,0.5601959228515625,,
27,0.031645700335502625,772.030029296875,0.396270751953125,0.5624313354492188,,
28,0.032070063054561615,803.780029296875,0.40990447998046875,0.5648727416992188,,
29,0.042244307696819305,809.4099731445312,0.42473602294921875,0.56689453125,,
30,0.0415128618478775,836.8400268554688,0.43121337890625,0.56878662109375,,
31,0.07608823478221893,931.3800048828125,0.43310546875,0.56689453125,,
32,0.10575170814990997,949.1400146484375,0.46820068359375,0.53179931640625,,
33,0.10028208792209625,889.4000244140625,0.5185699462890625,0.4814300537109375,,
34,0.13011372089385986,813.5800170898438,0.5742034912109375,0.4257965087890625,,
35,0.14068906009197235,888.0800170898438,0.6323013305664062,0.36769866943359375,,
36,0.16884887218475342,827.8599853515625,0.6892623901367188,0.31073760986328125,,
37,0.19087925553321838,810.5800170898438,0.7361679077148438,0.26383209228515625,,
38,0.2456812560558319,812.8900146484375,0.7738418579101562,0.22615814208984375,,
39,0.2678552269935608,744.9299926757812,0.8009185791015625,0.1990814208984375,,
40,0.3267432749271393,752.5,0.81707763671875,0.18292236328125,,
41,0.36442291736602783,681.0999755859375,0.8255691528320312,0.17443084716796875,,
42,0.35061919689178467,617.6599731445312,0.8302230834960938,0.16977691650390625,,
43,0.44567328691482544,691.3900146484375,0.827911376953125,0.172088623046875,,
44,0.4611348509788513,733.219970703125,0.8230209350585938,0.17697906494140625,,
45,0.5539237856864929,761.4199829101562,0.8206405639648438,0.17935943603515625,,
46,0.6910265684127808,711.3699951171875,0.8173828125,0.1826171875,,
47,0.7885497808456421,796.3499755859375,0.814422607421875,0.185577392578125,,
48,0.8065080642700195,759.989990234375,0.8109359741210938,0.18906402587890625,,
49,0.899901270866394,782.6799926757812,0.80816650390625,0.19183349609375,,
50,1.0077672004699707,795.5800170898438,0.8063125610351562,0.19368743896484375,,
51,1.0972957611083984,826.5399780273438,0.8055572509765625,0.1944427490234375,,
52,1.151824951171875,787.6799926757812,0.8034133911132812,0.19658660888671875,,
53,1.2556078433990479,793.260009765625,0.8022994995117188,0.19770050048828125,,
54,1.345055103302002,843.510009765625,0.801666259765625,0.198333740234375,,
55,1.396803617477417,839.1699829101562,0.8004608154296875,0.1995391845703125,,
56,1.583683729171753,845.6799926757812,0.800628662109375,0.199371337890625,,
57,1.670344591140747,858.4500122070312,0.80072021484375,0.19927978515625,,
58,1.8226499557495117,870.6099853515625,0.801788330078125,0.198211669921875,,
59,1.9556032419204712,884.2100219726562,0.8028945922851562,0.19710540771484375,,
60,2.0256590843200684,854.2999877929688,0.803955078125,0.196044921875,,
61,2.1221425533294678,914.0800170898438,0.8040008544921875,0.1959991455078125,,
62,2.305339813232422,924.1400146484375,0.8049392700195312,0.19506072998046875,,
63,2.3348655700683594,904.1699829101562,0.8052749633789062,0.19472503662109375,,
64,2.412397861480713,909.6300048828125,0.8066253662109375,0.1933746337890625,,
65,2.394341230392456,880.1699829101562,0.8088150024414062,0.19118499755859375,,
66,2.510878562927246,874.7899780273438,0.8117904663085938,0.18820953369140625,,
67,2.486234664916992,906.6300048828125,0.8185806274414062,0.18141937255859375,,
68,2.6210620403289795,871.1099853515625,0.8252410888671875,0.1747589111328125,,
69,2.6002554893493652,871.9199829101562,0.8310928344726562,0.16890716552734375,,
70,2.665456771850586,872.760009765625,0.8392333984375,0.1607666015625,,
71,2.767455577850342,916.4000244140625,0.8494949340820312,0.15050506591796875,,
72,2.659066915512085,828.72998046875,0.8583526611328125,0.1416473388671875,,
73,2.865241527557373,835.5800170898438,0.8663330078125,0.1336669921875,,
74,2.7194931507110596,879.9099731445312,0.8705825805664062,0.12941741943359375,,
75,2.7898170948028564,836.9000244140625,0.874847412109375,0.125152587890625,,
76,3.047757625579834,871.3800048828125,0.880767822265625,0.119232177734375,,
77,2.9264402389526367,871.72998046875,0.8851776123046875,0.1148223876953125,,
78,3.0714051723480225,859.3400268554688,0.8887863159179688,0.11121368408203125,,
79,3.16817045211792,856.7999877929688,0.8903427124023438,0.10965728759765625,,
80,3.208836555480957,871.530029296875,0.8935394287109375,0.1064605712890625,,
81,3.3417909145355225,897.6500244140625,0.8947830200195312,0.10521697998046875,,
82,3.3657336235046387,853.6900024414062,0.89727783203125,0.10272216796875,,
83,3.3497700691223145,848.780029296875,0.898193359375,0.101806640625,,
84,3.4823479652404785,878.0399780273438,0.8995361328125,0.1004638671875,,
85,3.5174193382263184,842.5599975585938,0.9007949829101562,0.09920501708984375,,
86,3.741118907928467,876.7000122070312,0.90185546875,0.09814453125,,
87,3.592160224914551,884.7000122070312,0.9036636352539062,0.09633636474609375,,
88,3.785834789276123,883.2000122070312,0.9047393798828125,0.0952606201171875,,
89,3.856227397918701,892.4500122070312,0.9047927856445312,0.09520721435546875,,
90,3.8511290550231934,912.5,0.9054336547851562,0.09456634521484375,,
91,4.108187198638916,933.7999877929688,0.9071578979492188,0.09284210205078125,,
92,4.092486381530762,920.9199829101562,0.9077224731445312,0.09227752685546875,,
93,4.22700309753418,929.8200073242188,0.90875244140625,0.09124755859375,,
94,4.086714267730713,892.8300170898438,0.9101943969726562,0.08980560302734375,,
95,4.17473030090332,924.5499877929688,0.9105606079101562,0.08943939208984375,,
96,4.138606071472168,918.3200073242188,0.9112548828125,0.0887451171875,,
97,4.15688419342041,907.3699951171875,0.91156005859375,0.08843994140625,,
98,4.221298694610596,888.72998046875,0.9114837646484375,0.0885162353515625,,
99,4.146065711975098,863.3099975585938,0.9130783081054688,0.08692169189453125,,
100,4.381550312042236,889.260009765625,0.9138717651367188,0.08612823486328125,,
101,4.1860880851745605,846.02001953125,0.91424560546875,0.08575439453125,,
102,4.072574615478516,881.2100219726562,0.9122467041015625,0.0877532958984375,,
103,4.183917045593262,835.75,0.9122238159179688,0.08777618408203125,,
104,4.463048934936523,897.760009765625,0.9134063720703125,0.0865936279296875,,
105,4.570461750030518,907.6900024414062,0.9154205322265625,0.0845794677734375,,
106,4.261406898498535,847.9199829101562,0.9168243408203125,0.0831756591796875,,
107,4.726556777954102,893.8800048828125,0.916900634765625,0.083099365234375,,
108,4.3797430992126465,880.97998046875,0.9168930053710938,0.08310699462890625,,
109,4.342829704284668,860.1400146484375,0.9179153442382812,0.08208465576171875,,
110,4.373693943023682,824.260009765625,0.916290283203125,0.083709716796875,,
111,4.368682384490967,868.3699951171875,0.9159088134765625,0.0840911865234375,,
112,4.713152885437012,898.6599731445312,0.916748046875,0.083251953125,,
113,4.761482238769531,864.719970703125,0.9175338745117188,0.08246612548828125,,
114,4.771396636962891,852.3499755859375,0.9159927368164062,0.08400726318359375,,
115,4.824507236480713,906.2000122070312,0.916473388671875,0.083526611328125,,
116,5.09049129486084,933.9099731445312,0.9171981811523438,0.08280181884765625,,
117,4.825376510620117,891.780029296875,0.9179840087890625,0.0820159912109375,,
118,5.075146198272705,901.5399780273438,0.9178619384765625,0.0821380615234375,,
119,5.322213649749756,933.489990234375,0.91876220703125,0.08123779296875,,
120,4.56002140045166,872.719970703125,0.91845703125,0.08154296875,,
121,5.207662105560303,933.2100219726562,0.917938232421875,0.082061767578125,,
122,5.431936264038086,942.280029296875,0.9189071655273438,0.08109283447265625,,
123,5.37142276763916,933.7000122070312,0.9200057983398438,0.07999420166015625,,
124,5.3257246017456055,924.489990234375,0.9211959838867188,0.07880401611328125,,
125,5.2234930992126465,915.280029296875,0.922088623046875,0.077911376953125,,
126,5.264260768890381,888.97998046875,0.922637939453125,0.077362060546875,,
127,5.120600700378418,895.4000244140625,0.9225616455078125,0.0774383544921875,,
128,5.2338151931762695,871.280029296875,0.9226303100585938,0.07736968994140625,,
129,5.175997257232666,881.7899780273438,0.9233016967773438,0.07669830322265625,,
130,5.26538610458374,898.47998046875,0.9235305786132812,0.07646942138671875,,
131,5.3579840660095215,887.97998046875,0.9255523681640625,0.0744476318359375,,
132,4.952720642089844,864.510009765625,0.9256820678710938,0.07431793212890625,,
133,5.4168381690979,909.5999755859375,0.9250869750976562,0.07491302490234375,,
134,5.273240566253662,866.1099853515625,0.9260635375976562,0.07393646240234375,,
135,5.393561840057373,874.3400268554688,0.92474365234375,0.07525634765625,,
136,5.1725006103515625,870.3800048828125,0.924041748046875,0.075958251953125,,
137,5.56821346282959,907.3699951171875,0.9247665405273438,0.07523345947265625,,
138,5.501827239990234,892.1799926757812,0.9252777099609375,0.0747222900390625,,
139,4.9512715339660645,853.8200073242188,0.9245376586914062,0.07546234130859375,,
140,5.464770317077637,880.52001953125,0.925445556640625,0.074554443359375,,
141,5.006410598754883,838.9000244140625,0.9257659912109375,0.0742340087890625,,
142,5.687638282775879,887.030029296875,0.9250869750976562,0.07491302490234375,,
143,5.727119445800781,925.0399780273438,0.926055908203125,0.073944091796875,,
144,5.49942684173584,875.7999877929688,0.9277725219726562,0.07222747802734375,,
145,5.385652542114258,864.3099975585938,0.9275436401367188,0.07245635986328125,,
146,5.755770683288574,886.239990234375,0.9269561767578125,0.0730438232421875,,
147,5.440101623535156,884.8099975585938,0.9266891479492188,0.07331085205078125,,
148,5.454833030700684,866.469970703125,0.9269332885742188,0.07306671142578125,,
149,5.140623569488525,848.1500244140625,0.9257049560546875,0.0742950439453125,,
150,5.792150497436523,906.9600219726562,0.9255599975585938,0.07444000244140625,,
151,5.665620803833008,910.6500244140625,0.9253311157226562,0.07466888427734375,,
152,6.003666877746582,933.0800170898438,0.924652099609375,0.075347900390625,,
153,5.857666969299316,933.510009765625,0.9231796264648438,0.07682037353515625,,
154,5.932353973388672,933.0700073242188,0.9226760864257812,0.07732391357421875,,
155,5.814552307128906,897.9099731445312,0.92340087890625,0.07659912109375,,
156,5.990733623504639,933.3499755859375,0.923431396484375,0.076568603515625,,
157,5.805205345153809,864.25,0.924285888671875,0.075714111328125,,
158,5.755167007446289,853.510009765625,0.9242477416992188,0.07575225830078125,,
159,5.724208354949951,880.760009765625,0.9240646362304688,0.07593536376953125,,
160,5.697676658630371,907.02001953125,0.9235305786132812,0.07646942138671875,,
161,5.803199768066406,916.3699951171875,0.923004150390625,0.076995849609375,,
162,5.883948802947998,885.010009765625,0.9251174926757812,0.07488250732421875,,
163,5.50086784362793,853.760009765625,0.925018310546875,0.074981689453125,,
164,5.563814163208008,847.4400024414062,0.923919677734375,0.076080322265625,,
165,5.471627712249756,878.02001953125,0.9238433837890625,0.0761566162109375,,
166,5.82979679107666,874.5900268554688,0.9241943359375,0.0758056640625,,
167,5.68080997467041,880.0499877929688,0.9237823486328125,0.0762176513671875,,
168,5.989734172821045,885.1799926757812,0.9232864379882812,0.07671356201171875,,
169,5.73218297958374,867.0599975585938,0.9239578247070312,0.07604217529296875,,
170,6.000554084777832,915.9000244140625,0.9248428344726562,0.07515716552734375,,
171,6.15695858001709,916.0800170898438,0.9259185791015625,0.0740814208984375,,
172,6.02272891998291,897.9400024414062,0.9265365600585938,0.07346343994140625,,
173,6.262545585632324,895.6900024414062,0.9256973266601562,0.07430267333984375,,
174,6.176973819732666,915.6400146484375,0.92578125,0.07421875,,
175,5.780332565307617,890.72998046875,0.9262237548828125,0.0737762451171875,,
176,5.345846652984619,827.8599853515625,0.92523193359375,0.07476806640625,,
177,6.423941135406494,934.9600219726562,0.924896240234375,0.075103759765625,,
178,6.278120994567871,933.3400268554688,0.9258270263671875,0.0741729736328125,,
179,6.157685279846191,892.4600219726562,0.9270477294921875,0.0729522705078125,,
180,6.426751136779785,911.3499755859375,0.927581787109375,0.072418212890625,,
181,6.257420539855957,906.969970703125,0.928070068359375,0.071929931640625,,
182,6.425901889801025,942.75,0.9274826049804688,0.07251739501953125,,
183,6.449834823608398,942.6799926757812,0.92840576171875,0.07159423828125,,
184,6.435647964477539,943.1799926757812,0.9288253784179688,0.07117462158203125,,
185,6.314159870147705,876.1300048828125,0.9294204711914062,0.07057952880859375,,
186,6.363932132720947,913.0599975585938,0.928375244140625,0.071624755859375,,
187,6.266335964202881,916.5,0.9281082153320312,0.07189178466796875,,
188,6.24113655090332,907.1599731445312,0.9292526245117188,0.07074737548828125,,
189,6.371860504150391,910.4299926757812,0.9304580688476562,0.06954193115234375,,
190,5.840810775756836,863.8300170898438,0.930877685546875,0.069122314453125,,
191,6.3235368728637695,898.0599975585938,0.9302291870117188,0.06977081298828125,,
192,6.096291542053223,863.8499755859375,0.9296035766601562,0.07039642333984375,,
193,5.962217330932617,877.4099731445312,0.929290771484375,0.070709228515625,,
194,6.098664283752441,897.6500244140625,0.9295196533203125,0.0704803466796875,,
195,5.628648281097412,847.0599975585938,0.9301681518554688,0.06983184814453125,,
196,6.434173583984375,899.6199951171875,0.930419921875,0.069580078125,,
197,6.210449695587158,889.9000244140625,0.9309310913085938,0.06906890869140625,,
198,5.943063735961914,858.8599853515625,0.9312667846679688,0.06873321533203125,,
199,6.49332332611084,890.530029296875,0.9311294555664062,0.06887054443359375,,
200,6.611599922180176,922.260009765625,0.931427001953125,0.068572998046875,,
201,6.416807174682617,896.6699829101562,0.9312057495117188,0.06879425048828125,,
202,6.0629143714904785,882.1400146484375,0.9303817749023438,0.06961822509765625,,
203,6.591334342956543,908.9299926757812,0.93109130859375,0.06890869140625,,
204,6.7879533767700195,933.469970703125,0.931549072265625,0.068450927734375,,
205,5.707549095153809,898.0900268554688,0.932098388671875,0.067901611328125,,
206,6.396594524383545,867.760009765625,0.9333877563476562,0.06661224365234375,,
207,6.696434020996094,904.0499877929688,0.9334335327148438,0.06656646728515625,,
208,6.54539155960083,896.8099975585938,0.9330368041992188,0.06696319580078125,,
209,6.456626892089844,896.1799926757812,0.9327392578125,0.0672607421875,,
210,6.330327033996582,898.1699829101562,0.9327392578125,0.0672607421875,,
211,6.525548458099365,924.9500122070312,0.9328079223632812,0.06719207763671875,,
212,6.8077263832092285,933.8800048828125,0.933990478515625,0.066009521484375,,
213,6.745838165283203,950.9600219726562,0.9337387084960938,0.06626129150390625,,
214,6.848042964935303,951.0999755859375,0.9337692260742188,0.06623077392578125,,
215,6.728748321533203,933.75,0.9347076416015625,0.0652923583984375,,
216,6.701203346252441,923.8900146484375,0.9369430541992188,0.06305694580078125,,
217,6.690935134887695,951.4099731445312,0.9382095336914062,0.06179046630859375,,
218,6.448275566101074,881.3900146484375,0.9389801025390625,0.0610198974609375,,
219,6.371410369873047,854.0399780273438,0.9372100830078125,0.0627899169921875,,
220,6.316499710083008,907.219970703125,0.9361114501953125,0.0638885498046875,,
221,6.510560989379883,886.77001953125,0.9364242553710938,0.06357574462890625,,
222,6.242148399353027,820.1199951171875,0.9360122680664062,0.06398773193359375,,
223,6.487728118896484,881.4099731445312,0.935150146484375,0.064849853515625,,
224,6.428943634033203,898.3599853515625,0.9358749389648438,0.06412506103515625,,
225,6.624808311462402,896.9500122070312,0.936309814453125,0.063690185546875,,
226,6.389126300811768,874.969970703125,0.9366683959960938,0.06333160400390625,,
227,6.326902389526367,874.8099975585938,0.9359283447265625,0.0640716552734375,,
228,6.484321117401123,881.5700073242188,0.9359283447265625,0.0640716552734375,,
229,6.85223913192749,907.6099853515625,0.9363021850585938,0.06369781494140625,,
230,5.98936653137207,859.3699951171875,0.9356307983398438,0.06436920166015625,,
231,6.5213623046875,868.7100219726562,0.9342193603515625,0.0657806396484375,,
232,6.395617961883545,915.4199829101562,0.93487548828125,0.06512451171875,,
233,6.932369232177734,922.280029296875,0.9354400634765625,0.0645599365234375,,
234,5.948548316955566,861.0,0.9342269897460938,0.06577301025390625,,
235,6.4984450340271,889.8900146484375,0.9334869384765625,0.0665130615234375,,
236,6.672914981842041,870.77001953125,0.9332122802734375,0.0667877197265625,,
237,6.860205173492432,912.6599731445312,0.9329605102539062,0.06703948974609375,,
238,6.677573204040527,908.219970703125,0.9332122802734375,0.0667877197265625,,
239,6.23045539855957,863.0800170898438,0.932525634765625,0.067474365234375,,
240,6.649003028869629,885.1799926757812,0.93170166015625,0.06829833984375,,
241,7.010246276855469,943.5499877929688,0.9322967529296875,0.0677032470703125,,
242,6.834359169006348,923.97998046875,0.931671142578125,0.068328857421875,,
243,7.099465370178223,932.8499755859375,0.9316635131835938,0.06833648681640625,,
244,6.953063011169434,942.489990234375,0.93121337890625,0.06878662109375,,
245,6.900400161743164,932.8099975585938,0.9308700561523438,0.06912994384765625,,
246,6.870170593261719,925.280029296875,0.9295578002929688,0.07044219970703125,,
247,6.91415548324585,898.9000244140625,0.93023681640625,0.06976318359375,,
248,6.728612899780273,871.8800048828125,0.9292755126953125,0.0707244873046875,,
249,6.67805290222168,881.0800170898438,0.9287643432617188,0.07123565673828125,,
250,6.687817096710205,871.260009765625,0.9308242797851562,0.06917572021484375,,
251,6.541532516479492,871.6400146484375,0.930572509765625,0.069427490234375,,
252,6.519392967224121,899.47998046875,0.9294891357421875,0.0705108642578125,,
253,6.669760704040527,855.6699829101562,0.9307937622070312,0.06920623779296875,,
254,6.771012306213379,897.2999877929688,0.9300308227539062,0.06996917724609375,,
255,6.762481689453125,890.7999877929688,0.93023681640625,0.06976318359375,,
256,6.694830894470215,907.0599975585938,0.9307098388671875,0.0692901611328125,,
257,6.6355085372924805,873.030029296875,0.9317779541015625,0.0682220458984375,,
258,6.562448978424072,863.969970703125,0.9312057495117188,0.06879425048828125,,
259,6.892958641052246,898.9000244140625,0.9311676025390625,0.0688323974609375,,
260,6.643330097198486,901.530029296875,0.9311294555664062,0.06887054443359375,,
261,6.392124176025391,870.3300170898438,0.9313125610351562,0.06868743896484375,,
262,7.020832061767578,913.9400024414062,0.9314193725585938,0.06858062744140625,,
263,6.895659446716309,924.760009765625,0.9317703247070312,0.06822967529296875,,
264,6.715660095214844,915.8800048828125,0.933013916015625,0.066986083984375,,
265,7.146910667419434,916.1199951171875,0.9333953857421875,0.0666046142578125,,
266,6.952832221984863,925.1699829101562,0.9343185424804688,0.06568145751953125,,
267,6.953518867492676,915.8400268554688,0.9346847534179688,0.06531524658203125,,
268,7.010896682739258,925.9299926757812,0.9347915649414062,0.06520843505859375,,
269,6.727632522583008,907.8400268554688,0.9357757568359375,0.0642242431640625,,
270,6.853465557098389,880.6699829101562,0.936767578125,0.063232421875,,
271,6.9633564949035645,915.6699829101562,0.9358749389648438,0.06412506103515625,,
272,7.079860687255859,950.989990234375,0.93560791015625,0.06439208984375,,
273,7.126617431640625,924.1199951171875,0.935791015625,0.064208984375,,
274,6.954719066619873,951.0599975585938,0.9347381591796875,0.0652618408203125,,
275,7.083112716674805,924.6199951171875,0.9340667724609375,0.0659332275390625,,
276,7.064095497131348,942.1400146484375,0.9340591430664062,0.06594085693359375,,
277,7.000432014465332,915.8200073242188,0.9341583251953125,0.0658416748046875,,
278,6.874310493469238,906.9500122070312,0.934326171875,0.065673828125,,
279,7.060801029205322,915.77001953125,0.9360198974609375,0.0639801025390625,,
280,6.726248264312744,882.3599853515625,0.9360198974609375,0.0639801025390625,,
281,6.918412208557129,925.3699951171875,0.93768310546875,0.06231689453125,,
282,6.9712815284729,897.5599975585938,0.9404296875,0.0595703125,,
283,6.903036117553711,888.8800048828125,0.9403457641601562,0.05965423583984375,,
284,6.582420349121094,863.239990234375,0.9409637451171875,0.0590362548828125,,
285,6.814210414886475,894.8099975585938,0.9409027099609375,0.0590972900390625,,
286,6.971712112426758,897.7899780273438,0.9407272338867188,0.05927276611328125,,
287,6.875070571899414,907.7000122070312,0.941436767578125,0.058563232421875,,
288,6.70002555847168,855.6400146484375,0.9416275024414062,0.05837249755859375,,
289,6.512966632843018,854.6900024414062,0.9410400390625,0.0589599609375,,
290,6.520831108093262,880.239990234375,0.9405899047851562,0.05941009521484375,,
291,6.980003356933594,888.3300170898438,0.94134521484375,0.05865478515625,,
292,7.096118927001953,907.0900268554688,0.9414749145507812,0.05852508544921875,,
293,7.008502960205078,925.77001953125,0.9413681030273438,0.05863189697265625,,
294,6.369110584259033,882.260009765625,0.9405593872070312,0.05944061279296875,,
295,7.205160140991211,908.2100219726562,0.9402694702148438,0.05973052978515625,,
296,7.008544921875,924.4400024414062,0.9401702880859375,0.0598297119140625,,
297,7.044379234313965,924.7100219726562,0.9406356811523438,0.05936431884765625,,
298,6.896790981292725,906.6300048828125,0.9403762817382812,0.05962371826171875,,
299,6.748767375946045,888.5800170898438,0.9402084350585938,0.05979156494140625,,
300,6.776381969451904,897.4500122070312,0.9396743774414062,0.06032562255859375,,
301,7.07613468170166,908.3300170898438,0.9400405883789062,0.05995941162109375,,
302,7.192591667175293,932.9099731445312,0.9404296875,0.0595703125,,
303,7.263087272644043,934.6400146484375,0.94049072265625,0.05950927734375,,
304,7.137646675109863,933.530029296875,0.94122314453125,0.05877685546875,,
305,6.947763442993164,862.4199829101562,0.940765380859375,0.059234619140625,,
306,7.128085136413574,924.1900024414062,0.9389801025390625,0.0610198974609375,,
307,7.063324451446533,907.0,0.9382858276367188,0.06171417236328125,,
308,7.054356575012207,915.9400024414062,0.9382705688476562,0.06172943115234375,,
309,6.943138122558594,908.760009765625,0.9379196166992188,0.06208038330078125,,
310,6.767670631408691,880.52001953125,0.9371566772460938,0.06284332275390625,,
311,6.9461822509765625,913.7899780273438,0.9361343383789062,0.06386566162109375,,
312,6.827897548675537,889.6199951171875,0.93499755859375,0.06500244140625,,
313,6.6380815505981445,880.3099975585938,0.93438720703125,0.06561279296875,,
314,6.877533435821533,907.25,0.9341354370117188,0.06586456298828125,,
315,6.579106330871582,881.030029296875,0.9345779418945312,0.06542205810546875,,
316,7.2741522789001465,924.72998046875,0.9352035522460938,0.06479644775390625,,
317,6.9318437576293945,880.5700073242188,0.9343795776367188,0.06562042236328125,,
318,7.220157623291016,907.9600219726562,0.9351272583007812,0.06487274169921875,,
319,6.737611293792725,855.2100219726562,0.9352493286132812,0.06475067138671875,,
320,7.333644390106201,915.3800048828125,0.9358444213867188,0.06415557861328125,,
321,6.812283992767334,906.8200073242188,0.9367294311523438,0.06327056884765625,,
322,6.957223892211914,873.0399780273438,0.93634033203125,0.06365966796875,,
323,6.8038787841796875,875.0800170898438,0.9355392456054688,0.06446075439453125,,
324,6.670166969299316,854.6099853515625,0.9348831176757812,0.06511688232421875,,
325,6.753076076507568,880.1199951171875,0.9344635009765625,0.0655364990234375,,
326,7.383584976196289,906.469970703125,0.9342041015625,0.0657958984375,,
327,7.205883026123047,906.8900146484375,0.9340362548828125,0.0659637451171875,,
328,6.9729437828063965,916.9500122070312,0.9339599609375,0.0660400390625,,
329,7.429282188415527,934.3900146484375,0.9344100952148438,0.06558990478515625,,
330,6.543412208557129,879.530029296875,0.933837890625,0.066162109375,,
331,7.2799577713012695,942.1199951171875,0.934234619140625,0.065765380859375,,
332,7.375561714172363,923.6500244140625,0.9353179931640625,0.0646820068359375,,
333,7.231091499328613,924.219970703125,0.9344482421875,0.0655517578125,,
334,7.229739665985107,916.22998046875,0.9347686767578125,0.0652313232421875,,
335,7.238582611083984,890.77001953125,0.9346847534179688,0.06531524658203125,,
336,7.29964542388916,924.1300048828125,0.9359207153320312,0.06407928466796875,,
337,6.984825611114502,897.969970703125,0.9341049194335938,0.06589508056640625,,
338,7.09466552734375,924.0499877929688,0.9334716796875,0.0665283203125,,
339,6.869152069091797,881.8200073242188,0.9333724975585938,0.06662750244140625,,
340,7.140058517456055,915.5499877929688,0.9328689575195312,0.06713104248046875,,
341,7.349826812744141,933.47998046875,0.9353485107421875,0.0646514892578125,,
342,7.072922706604004,898.8599853515625,0.9374465942382812,0.06255340576171875,,
343,7.212375640869141,907.3400268554688,0.9387359619140625,0.0612640380859375,,
344,6.875232696533203,871.5900268554688,0.9388275146484375,0.0611724853515625,,
345,7.0572333335876465,889.9199829101562,0.9385986328125,0.0614013671875,,
346,7.114790916442871,933.4600219726562,0.9381866455078125,0.0618133544921875,,
347,6.815443992614746,880.8800048828125,0.9390945434570312,0.06090545654296875,,
348,7.206391334533691,925.9199829101562,0.93829345703125,0.06170654296875,,
349,7.341200828552246,906.9000244140625,0.9391860961914062,0.06081390380859375,,
350,7.378496170043945,933.97998046875,0.94000244140625,0.05999755859375,,
351,6.818281173706055,907.1400146484375,0.9398040771484375,0.0601959228515625,,
352,7.17634916305542,898.6199951171875,0.939971923828125,0.060028076171875,,
353,6.918609619140625,889.8499755859375,0.9400558471679688,0.05994415283203125,,
354,7.281522750854492,902.5800170898438,0.9406280517578125,0.0593719482421875,,
355,6.95659065246582,888.6799926757812,0.9409255981445312,0.05907440185546875,,
356,7.129447937011719,881.739990234375,0.9399642944335938,0.06003570556640625,,
357,7.267700672149658,899.9400024414062,0.9400558471679688,0.05994415283203125,,
358,7.183529853820801,886.6500244140625,0.9394378662109375,0.0605621337890625,,
359,7.34572696685791,907.2899780273438,0.9389419555664062,0.06105804443359375,,
360,7.000649929046631,896.0499877929688,0.9395675659179688,0.06043243408203125,,
361,6.991856575012207,916.3599853515625,0.93780517578125,0.06219482421875,,
362,7.337973594665527,924.77001953125,0.9369354248046875,0.0630645751953125,,
363,7.150026321411133,897.1500244140625,0.9373397827148438,0.06266021728515625,,
364,7.50378942489624,933.6900024414062,0.9372100830078125,0.0627899169921875,,
365,7.426826477050781,930.8900146484375,0.9381942749023438,0.06180572509765625,,
366,7.287836074829102,924.219970703125,0.93817138671875,0.06182861328125,,
367,7.24549674987793,909.010009765625,0.9395523071289062,0.06044769287109375,,
368,7.300936222076416,928.4600219726562,0.9404754638671875,0.0595245361328125,,
369,7.294254302978516,924.4400024414062,0.9412918090820312,0.05870819091796875,,
370,7.19460391998291,861.760009765625,0.9423904418945312,0.05760955810546875,,
371,7.072818756103516,907.719970703125,0.9395599365234375,0.0604400634765625,,
372,6.840190887451172,865.3900146484375,0.9381790161132812,0.06182098388671875,,
373,6.958264350891113,889.3800048828125,0.9363555908203125,0.0636444091796875,,
374,7.335543155670166,890.7999877929688,0.9366073608398438,0.06339263916015625,,
375,7.251507759094238,888.010009765625,0.93682861328125,0.06317138671875,,
376,7.227353096008301,886.1699829101562,0.9369735717773438,0.06302642822265625,,
377,6.402050971984863,847.77001953125,0.9359893798828125,0.0640106201171875,,
378,7.003479480743408,864.1799926757812,0.9349899291992188,0.06501007080078125,,
379,7.077983856201172,878.469970703125,0.9340057373046875,0.0659942626953125,,
380,7.033390998840332,873.1199951171875,0.9332122802734375,0.0667877197265625,,
381,7.281309127807617,898.9199829101562,0.9328155517578125,0.0671844482421875,,
382,6.858585834503174,888.989990234375,0.9328231811523438,0.06717681884765625,,
383,7.346648216247559,906.7000122070312,0.9336471557617188,0.06635284423828125,,
384,7.231074333190918,850.9600219726562,0.933624267578125,0.066375732421875,,
385,7.241375923156738,886.8099975585938,0.9329147338867188,0.06708526611328125,,
386,7.266545295715332,916.4199829101562,0.9338760375976562,0.06612396240234375,,
387,7.198006629943848,887.1099853515625,0.9336090087890625,0.0663909912109375,,
388,7.43958854675293,895.3300170898438,0.9336318969726562,0.06636810302734375,,
389,7.375211238861084,915.0999755859375,0.93377685546875,0.06622314453125,,
390,7.314059257507324,923.9299926757812,0.9346084594726562,0.06539154052734375,,
391,7.666467666625977,942.4099731445312,0.936614990234375,0.063385009765625,,
392,6.978867530822754,887.7100219726562,0.9366073608398438,0.06339263916015625,,
393,7.450060844421387,924.6900024414062,0.9364852905273438,0.06351470947265625,,
394,7.223382949829102,933.5599975585938,0.9362564086914062,0.06374359130859375,,
395,7.301891326904297,914.8200073242188,0.9346694946289062,0.06533050537109375,,
396,7.293471336364746,906.8300170898438,0.9331893920898438,0.06681060791015625,,
397,7.505867004394531,932.989990234375,0.9330368041992188,0.06696319580078125,,
398,6.897820949554443,888.9500122070312,0.9328765869140625,0.0671234130859375,,
399,7.133420944213867,933.1199951171875,0.9315032958984375,0.0684967041015625,,
400,7.151430130004883,880.7899780273438,0.931488037109375,0.068511962890625,,
401,7.186690330505371,933.1699829101562,0.931488037109375,0.068511962890625,,
402,7.114839553833008,910.0999755859375,0.9324111938476562,0.06758880615234375,,
403,7.041411876678467,873.8200073242188,0.9327316284179688,0.06726837158203125,,
404,6.804408073425293,854.75,0.9323501586914062,0.06764984130859375,,
405,7.35250186920166,925.25,0.932403564453125,0.067596435546875,,
406,6.763490676879883,863.2100219726562,0.932403564453125,0.067596435546875,,
407,7.032064437866211,871.72998046875,0.9324111938476562,0.06758880615234375,,
408,7.338918209075928,925.0700073242188,0.9332809448242188,0.06671905517578125,,
409,7.296685218811035,902.3599853515625,0.9342498779296875,0.0657501220703125,,
410,7.112613201141357,889.4500122070312,0.9347076416015625,0.0652923583984375,,
411,7.113183975219727,898.719970703125,0.9345703125,0.0654296875,,
412,6.651316165924072,846.2100219726562,0.9339599609375,0.0660400390625,,
413,7.16981315612793,862.239990234375,0.9329605102539062,0.06703948974609375,,
414,7.545426368713379,906.8599853515625,0.9335784912109375,0.0664215087890625,,
415,6.8261003494262695,860.8099975585938,0.9333114624023438,0.06668853759765625,,
416,7.244081497192383,885.1099853515625,0.9319915771484375,0.0680084228515625,,
417,7.089962959289551,890.510009765625,0.9318618774414062,0.06813812255859375,,
418,7.637256622314453,915.7000122070312,0.9319000244140625,0.0680999755859375,,
419,7.4534149169921875,939.6900024414062,0.9322280883789062,0.06777191162109375,,
420,6.897916316986084,900.5599975585938,0.9316635131835938,0.06833648681640625,,
421,6.944599628448486,899.1300048828125,0.9310226440429688,0.06897735595703125,,
422,7.59063720703125,942.3499755859375,0.9312286376953125,0.0687713623046875,,
423,7.504903793334961,924.52001953125,0.9323959350585938,0.06760406494140625,,
424,7.271642208099365,905.77001953125,0.9325714111328125,0.0674285888671875,,
425,7.498151779174805,942.6900024414062,0.9327545166015625,0.0672454833984375,,
426,7.418220043182373,924.72998046875,0.9346466064453125,0.0653533935546875,,
427,7.189454078674316,844.239990234375,0.9338150024414062,0.06618499755859375,,
428,7.281169414520264,915.3800048828125,0.9323272705078125,0.0676727294921875,,
429,7.325928688049316,915.0800170898438,0.9335098266601562,0.06649017333984375,,
430,7.363237380981445,933.1500244140625,0.9334640502929688,0.06653594970703125,,
431,7.444779396057129,941.8499755859375,0.9356765747070312,0.06432342529296875,,
432,7.294617652893066,924.8099975585938,0.9362945556640625,0.0637054443359375,,
433,7.020856857299805,870.9000244140625,0.9371795654296875,0.0628204345703125,,
434,6.721676826477051,863.9000244140625,0.93658447265625,0.06341552734375,,
435,6.842644214630127,855.8900146484375,0.9349288940429688,0.06507110595703125,,
436,6.686092376708984,812.3900146484375,0.9328460693359375,0.0671539306640625,,
437,7.448443412780762,917.010009765625,0.932769775390625,0.067230224609375,,
438,7.3759918212890625,883.530029296875,0.9331207275390625,0.0668792724609375,,
439,6.498881816864014,855.1300048828125,0.9322586059570312,0.06774139404296875,,
440,7.694247722625732,932.8699951171875,0.9322586059570312,0.06774139404296875,,
441,7.514791965484619,934.280029296875,0.9336090087890625,0.0663909912109375,,
442,7.260300636291504,919.5399780273438,0.9346542358398438,0.06534576416015625,,
443,7.2951860427856445,892.6400146484375,0.9347915649414062,0.06520843505859375,,
444,7.327193260192871,890.530029296875,0.9345321655273438,0.06546783447265625,,
445,7.384652137756348,908.52001953125,0.9350433349609375,0.0649566650390625,,
446,7.436873912811279,933.510009765625,0.9367218017578125,0.0632781982421875,,
447,6.882741928100586,863.97998046875,0.9368515014648438,0.06314849853515625,,
448,7.697645664215088,899.719970703125,0.9370193481445312,0.06298065185546875,,
449,7.593936443328857,942.260009765625,0.9371414184570312,0.06285858154296875,,
450,7.290423393249512,908.3599853515625,0.937103271484375,0.062896728515625,,
451,7.462897300720215,924.8200073242188,0.9372329711914062,0.06276702880859375,,
452,7.624619483947754,933.27001953125,0.9376068115234375,0.0623931884765625,,
453,7.455821990966797,924.5,0.937225341796875,0.062774658203125,,
454,7.786470890045166,960.0,0.9382553100585938,0.06174468994140625,,
455,7.42380952835083,908.0,0.9396896362304688,0.06031036376953125,,
456,7.249861717224121,888.6500244140625,0.9379730224609375,0.0620269775390625,,
457,7.520720958709717,916.1599731445312,0.9363479614257812,0.06365203857421875,,
458,7.2396931648254395,898.2100219726562,0.9382781982421875,0.0617218017578125,,
459,7.350605010986328,889.4600219726562,0.9388504028320312,0.06114959716796875,,
460,7.215187072753906,924.760009765625,0.9372406005859375,0.0627593994140625,,
461,7.102509498596191,864.4600219726562,0.9365768432617188,0.06342315673828125,,
462,6.968685150146484,881.7100219726562,0.932952880859375,0.067047119140625,,
463,7.207860946655273,908.0499877929688,0.93121337890625,0.06878662109375,,
464,7.386707305908203,899.0599975585938,0.933135986328125,0.066864013671875,,
465,7.023471832275391,864.1799926757812,0.9343338012695312,0.06566619873046875,,
466,6.941837310791016,883.1199951171875,0.9351730346679688,0.06482696533203125,,
467,7.154745578765869,890.280029296875,0.9362716674804688,0.06372833251953125,,
468,7.5778608322143555,916.030029296875,0.9362106323242188,0.06378936767578125,,
469,7.017885684967041,875.760009765625,0.9371185302734375,0.0628814697265625,,
470,7.031483173370361,875.2999877929688,0.9373779296875,0.0626220703125,,
471,6.925370216369629,855.1599731445312,0.9354705810546875,0.0645294189453125,,
472,7.159453392028809,845.4199829101562,0.9335556030273438,0.06644439697265625,,
473,6.956821441650391,888.8599853515625,0.9329757690429688,0.06702423095703125,,
474,6.840109825134277,898.25,0.9329910278320312,0.06700897216796875,,
475,7.680232524871826,907.2999877929688,0.9335174560546875,0.0664825439453125,,
476,7.567444801330566,894.4500122070312,0.932281494140625,0.067718505859375,,
477,7.564892768859863,924.7000122070312,0.9327850341796875,0.0672149658203125,,
478,7.1246747970581055,896.1900024414062,0.9331741333007812,0.06682586669921875,,
479,7.81032657623291,933.0700073242188,0.9329833984375,0.0670166015625,,
480,7.312595367431641,905.0499877929688,0.9328765869140625,0.0671234130859375,,
481,7.716939926147461,934.2999877929688,0.9329833984375,0.0670166015625,,
482,7.777486801147461,955.7100219726562,0.9330978393554688,0.06690216064453125,,
483,7.76128625869751,915.260009765625,0.9337997436523438,0.06620025634765625,,
484,7.323108673095703,907.4099731445312,0.932586669921875,0.067413330078125,,
485,7.6435041427612305,942.1900024414062,0.9310989379882812,0.06890106201171875,,
486,7.5807037353515625,933.260009765625,0.9322891235351562,0.06771087646484375,,
487,7.4367146492004395,925.0999755859375,0.9332962036132812,0.06670379638671875,,
488,7.607276916503906,915.1599731445312,0.9337921142578125,0.0662078857421875,,
489,7.393979072570801,862.4600219726562,0.9338531494140625,0.0661468505859375,,
490,7.3921356201171875,874.760009765625,0.9349822998046875,0.0650177001953125,,
491,7.428039073944092,889.1699829101562,0.93408203125,0.06591796875,,
492,7.675802230834961,915.9000244140625,0.936737060546875,0.063262939453125,,
493,7.07267951965332,863.030029296875,0.9378509521484375,0.0621490478515625,,
494,7.380659103393555,899.0900268554688,0.9364242553710938,0.06357574462890625,,
495,7.081219673156738,820.75,0.9361495971679688,0.06385040283203125,,
496,7.292531967163086,880.3699951171875,0.9356231689453125,0.0643768310546875,,
497,7.214186191558838,879.4199829101562,0.9348297119140625,0.0651702880859375,,
498,7.422151565551758,898.02001953125,0.9354400634765625,0.0645599365234375,,
499,6.9744768142700195,871.9299926757812,0.934722900390625,0.065277099609375,,
500,7.031301498413086,898.4400024414062,0.9345779418945312,0.06542205810546875,,
501,7.494969844818115,899.4299926757812,0.935150146484375,0.064849853515625,,
502,7.2678327560424805,883.1699829101562,0.9359893798828125,0.0640106201171875,,
503,7.111286163330078,871.9500122070312,0.9354705810546875,0.0645294189453125,,
504,7.311844825744629,926.5900268554688,0.9356613159179688,0.06433868408203125,,
505,7.384102821350098,876.9000244140625,0.935394287109375,0.064605712890625,,
506,7.285461902618408,880.010009765625,0.9348983764648438,0.06510162353515625,,
507,7.293515205383301,871.969970703125,0.9344100952148438,0.06558990478515625,,
508,7.6782331466674805,862.989990234375,0.9339447021484375,0.0660552978515625,,
509,7.43235969543457,899.02001953125,0.9336395263671875,0.0663604736328125,,
510,7.3540802001953125,856.6900024414062,0.9327316284179688,0.06726837158203125,,
511,7.835031032562256,942.0800170898438,0.932647705078125,0.067352294921875,,
512,7.334315299987793,924.7899780273438,0.9314956665039062,0.06850433349609375,,
513,7.870996475219727,933.260009765625,0.931549072265625,0.068450927734375,,
514,7.680583953857422,924.2999877929688,0.9327163696289062,0.06728363037109375,,
515,7.557159423828125,933.6400146484375,0.932281494140625,0.067718505859375,,
516,7.686640739440918,915.27001953125,0.9323654174804688,0.06763458251953125,,
517,7.7321367263793945,924.9199829101562,0.93316650390625,0.06683349609375,,
518,7.732922554016113,942.3599853515625,0.9338150024414062,0.06618499755859375,,
519,7.527649402618408,933.1599731445312,0.9344329833984375,0.0655670166015625,,
520,7.5270915031433105,915.6900024414062,0.9349136352539062,0.06508636474609375,,
521,7.5335540771484375,915.6900024414062,0.9360733032226562,0.06392669677734375,,
522,7.532822132110596,890.0,0.9360427856445312,0.06395721435546875,,
523,6.828660011291504,864.7000122070312,0.9346923828125,0.0653076171875,,
524,7.346031188964844,889.510009765625,0.9346694946289062,0.06533050537109375,,
525,7.133378028869629,856.4099731445312,0.9343490600585938,0.06565093994140625,,
526,7.244785785675049,882.2000122070312,0.9338912963867188,0.06610870361328125,,
527,7.497121810913086,891.030029296875,0.9345703125,0.0654296875,,
528,7.464847564697266,868.239990234375,0.93402099609375,0.06597900390625,,
529,7.551203727722168,925.239990234375,0.9349212646484375,0.0650787353515625,,
530,7.267968654632568,881.4400024414062,0.9358444213867188,0.06415557861328125,,
531,6.80817985534668,850.1699829101562,0.934356689453125,0.065643310546875,,
532,7.285573959350586,884.8200073242188,0.9340057373046875,0.0659942626953125,,
533,7.53560209274292,919.77001953125,0.9347610473632812,0.06523895263671875,,
534,7.127302646636963,914.5999755859375,0.9347610473632812,0.06523895263671875,,
535,7.144399166107178,892.0,0.9343643188476562,0.06563568115234375,,
536,7.547876358032227,901.4400024414062,0.9356765747070312,0.06432342529296875,,
537,7.378862380981445,874.989990234375,0.935821533203125,0.064178466796875,,
538,7.940978527069092,933.0700073242188,0.9368667602539062,0.06313323974609375,,
539,7.120709419250488,916.969970703125,0.93682861328125,0.06317138671875,,
540,7.673110008239746,907.4099731445312,0.93743896484375,0.06256103515625,,
541,7.698613166809082,924.8499755859375,0.9372634887695312,0.06273651123046875,,
542,7.69857931137085,924.7899780273438,0.9378890991210938,0.06211090087890625,,
543,7.872954845428467,933.5800170898438,0.9375152587890625,0.0624847412109375,,
544,7.7508955001831055,951.25,0.93743896484375,0.06256103515625,,
545,7.892913818359375,942.2100219726562,0.9396591186523438,0.06034088134765625,,
546,7.709805965423584,933.8599853515625,0.9397659301757812,0.06023406982421875,,
547,7.418208122253418,924.0499877929688,0.9388809204101562,0.06111907958984375,,
548,7.597602844238281,950.989990234375,0.93780517578125,0.06219482421875,,
549,7.614307403564453,916.8300170898438,0.9381637573242188,0.06183624267578125,,
550,7.373953819274902,898.27001953125,0.9379348754882812,0.06206512451171875,,
551,7.619781494140625,924.97998046875,0.9369659423828125,0.0630340576171875,,
552,7.182307243347168,879.489990234375,0.9363784790039062,0.06362152099609375,,
553,7.221259117126465,890.0399780273438,0.9369049072265625,0.0630950927734375,,
554,7.510957717895508,906.9000244140625,0.93701171875,0.06298828125,,
555,7.4464569091796875,908.0800170898438,0.9387664794921875,0.0612335205078125,,
556,7.643584251403809,917.1099853515625,0.9405593872070312,0.05944061279296875,,
557,7.368603229522705,873.3499755859375,0.9407119750976562,0.05928802490234375,,
558,7.328825950622559,923.3900146484375,0.9405593872070312,0.05944061279296875,,
559,7.47428035736084,915.8300170898438,0.941558837890625,0.058441162109375,,
560,7.469551086425781,881.25,0.9408187866210938,0.05918121337890625,,
561,7.2929182052612305,872.0999755859375,0.9418258666992188,0.05817413330078125,,
562,7.110861778259277,880.3300170898438,0.9425888061523438,0.05741119384765625,,
563,7.75784969329834,871.0599975585938,0.9417190551757812,0.05828094482421875,,
564,7.042414665222168,885.2899780273438,0.9411849975585938,0.05881500244140625,,
565,7.680375099182129,915.9500122070312,0.9416122436523438,0.05838775634765625,,
566,7.177016258239746,865.77001953125,0.9415359497070312,0.05846405029296875,,
567,7.571961879730225,907.6500244140625,0.9417953491210938,0.05820465087890625,,
568,6.813981056213379,854.2899780273438,0.9410858154296875,0.0589141845703125,,
569,7.592419624328613,908.02001953125,0.9404296875,0.0595703125,,
570,7.915334701538086,943.010009765625,0.9411392211914062,0.05886077880859375,,
571,7.529202938079834,907.1500244140625,0.9415054321289062,0.05849456787109375,,
572,7.355804443359375,924.77001953125,0.94036865234375,0.05963134765625,,
573,7.762383937835693,924.27001953125,0.9398574829101562,0.06014251708984375,,
574,7.675004959106445,907.1199951171875,0.9395523071289062,0.06044769287109375,,
575,7.761686325073242,933.6699829101562,0.93798828125,0.06201171875,,
576,7.691896438598633,933.5599975585938,0.9380035400390625,0.0619964599609375,,
577,7.75578498840332,915.6300048828125,0.9385223388671875,0.0614776611328125,,
578,7.496475696563721,907.0499877929688,0.9390640258789062,0.06093597412109375,,
579,7.475331783294678,881.0,0.9374771118164062,0.06252288818359375,,
580,7.665270805358887,933.1799926757812,0.9365921020507812,0.06340789794921875,,
581,7.728505611419678,906.6500244140625,0.9381332397460938,0.06186676025390625,,
582,7.5001420974731445,880.1500244140625,0.9386367797851562,0.06136322021484375,,
583,7.348688125610352,907.1599731445312,0.9380264282226562,0.06197357177734375,,
584,7.394941329956055,880.1099853515625,0.9382858276367188,0.06171417236328125,,
585,7.577503204345703,916.6699829101562,0.9377975463867188,0.06220245361328125,,
586,7.386593818664551,890.3499755859375,0.9369735717773438,0.06302642822265625,,
587,7.170993804931641,889.5,0.9359588623046875,0.0640411376953125,,
588,7.269905090332031,872.6900024414062,0.9357986450195312,0.06420135498046875,,
589,7.748985290527344,916.2899780273438,0.9347686767578125,0.0652313232421875,,
590,7.701906204223633,924.3300170898438,0.9356842041015625,0.0643157958984375,,
591,7.519783973693848,906.6900024414062,0.9364852905273438,0.06351470947265625,,
592,7.476879119873047,897.3099975585938,0.9368896484375,0.0631103515625,,
593,7.250370502471924,850.3300170898438,0.937286376953125,0.062713623046875,,
594,7.109892845153809,832.3400268554688,0.936065673828125,0.063934326171875,,
595,7.440881252288818,894.5900268554688,0.9346847534179688,0.06531524658203125,,
596,7.728240489959717,913.510009765625,0.9350357055664062,0.06496429443359375,,
597,7.713791847229004,924.27001953125,0.9358978271484375,0.0641021728515625,,
598,7.165581226348877,888.6400146484375,0.9369583129882812,0.06304168701171875,,
599,7.846222877502441,924.5599975585938,0.9378509521484375,0.0621490478515625,,
600,7.466853618621826,898.1199951171875,0.9372711181640625,0.0627288818359375,,
601,7.786713600158691,933.4199829101562,0.9370269775390625,0.0629730224609375,,
602,7.582337379455566,950.9500122070312,0.9382705688476562,0.06172943115234375,,
603,7.4138641357421875,924.3099975585938,0.9386749267578125,0.0613250732421875,,
604,7.765422821044922,908.3099975585938,0.9389419555664062,0.06105804443359375,,
605,7.611741542816162,906.9199829101562,0.9383316040039062,0.06166839599609375,,
606,7.560956001281738,907.0700073242188,0.9373092651367188,0.06269073486328125,,
607,7.56801700592041,897.4500122070312,0.9364395141601562,0.06356048583984375,,
608,7.554731369018555,890.52001953125,0.9355926513671875,0.0644073486328125,,
609,7.603390693664551,925.8599853515625,0.936126708984375,0.063873291015625,,
610,7.466778755187988,906.5999755859375,0.9365615844726562,0.06343841552734375,,
611,7.430801868438721,888.739990234375,0.9345626831054688,0.06543731689453125,,
612,7.25506591796875,871.030029296875,0.9331436157226562,0.06685638427734375,,
613,7.384469032287598,888.9299926757812,0.9330291748046875,0.0669708251953125,,
614,7.325182914733887,906.4000244140625,0.9334793090820312,0.06652069091796875,,
615,7.436060905456543,880.469970703125,0.934356689453125,0.065643310546875,,
616,7.439777851104736,908.0499877929688,0.9341659545898438,0.06583404541015625,,
617,7.354004859924316,872.1199951171875,0.9340744018554688,0.06592559814453125,,
618,7.4287214279174805,890.0599975585938,0.9340972900390625,0.0659027099609375,,
619,7.223272323608398,872.1599731445312,0.93402099609375,0.06597900390625,,
620,6.964021682739258,841.2000122070312,0.932403564453125,0.067596435546875,,
621,6.95198392868042,859.5,0.9310989379882812,0.06890106201171875,,
622,7.451927185058594,898.010009765625,0.930419921875,0.069580078125,,
623,6.790563583374023,888.989990234375,0.9308395385742188,0.06916046142578125,,
624,7.665594100952148,906.9400024414062,0.9321975708007812,0.06780242919921875,,
625,7.672075271606445,906.8300170898438,0.9329833984375,0.0670166015625,,
626,7.870428085327148,930.8699951171875,0.9327774047851562,0.06722259521484375,,
627,7.914502143859863,947.0700073242188,0.9331130981445312,0.06688690185546875,,
628,6.723692893981934,860.9299926757812,0.9333267211914062,0.06667327880859375,,
629,7.645270824432373,898.4199829101562,0.9325942993164062,0.06740570068359375,,
630,7.443052768707275,907.010009765625,0.9326858520507812,0.06731414794921875,,
631,7.137479782104492,879.9500122070312,0.932159423828125,0.067840576171875,,
632,7.465009689331055,907.0800170898438,0.9309234619140625,0.0690765380859375,,
633,7.652565002441406,951.1599731445312,0.9301300048828125,0.0698699951171875,,
634,7.824146270751953,942.0900268554688,0.9303665161132812,0.06963348388671875,,
635,7.582365036010742,889.280029296875,0.9315948486328125,0.0684051513671875,,
636,7.763546943664551,907.780029296875,0.9322662353515625,0.0677337646484375,,
637,7.707389831542969,924.7100219726562,0.9332122802734375,0.0667877197265625,,
638,7.6904401779174805,940.02001953125,0.9335861206054688,0.06641387939453125,,
639,7.562765598297119,898.52001953125,0.9342193603515625,0.0657806396484375,,
640,7.4761061668396,907.3099975585938,0.9338531494140625,0.0661468505859375,,
641,7.394137382507324,905.8200073242188,0.9335556030273438,0.06644439697265625,,
642,7.453551292419434,872.77001953125,0.9334793090820312,0.06652069091796875,,
643,7.30186128616333,872.3200073242188,0.9329605102539062,0.06703948974609375,,
644,7.397905349731445,924.8400268554688,0.9333419799804688,0.06665802001953125,,
645,7.550827503204346,898.47998046875,0.9335861206054688,0.06641387939453125,,
646,7.5471343994140625,916.5399780273438,0.9337997436523438,0.06620025634765625,,
647,7.416549205780029,890.510009765625,0.9347610473632812,0.06523895263671875,,
648,7.318419456481934,871.97998046875,0.9342193603515625,0.0657806396484375,,
649,6.858898162841797,854.4400024414062,0.9332504272460938,0.06674957275390625,,
650,7.2691521644592285,872.02001953125,0.9328155517578125,0.0671844482421875,,
651,7.519796371459961,889.989990234375,0.9334869384765625,0.0665130615234375,,
652,7.1878461837768555,864.2000122070312,0.93341064453125,0.06658935546875,,
653,7.635383605957031,895.0800170898438,0.9335479736328125,0.0664520263671875,,
654,7.60439395904541,880.9500122070312,0.9335403442382812,0.06645965576171875,,
655,7.607701778411865,915.739990234375,0.9335174560546875,0.0664825439453125,,
656,7.987083435058594,924.6400146484375,0.9333419799804688,0.06665802001953125,,
657,7.782547950744629,933.0700073242188,0.93328857421875,0.06671142578125,,
658,7.727924823760986,924.9600219726562,0.9340896606445312,0.06591033935546875,,
659,7.4994730949401855,882.8800048828125,0.9340972900390625,0.0659027099609375,,
660,7.229611396789551,893.1699829101562,0.93341064453125,0.06658935546875,,
661,8.023958206176758,960.0,0.9341354370117188,0.06586456298828125,,
662,7.782387733459473,937.9299926757812,0.9352569580078125,0.0647430419921875,,
663,7.8747100830078125,933.1500244140625,0.93609619140625,0.06390380859375,,
664,7.68373966217041,898.25,0.9358749389648438,0.06412506103515625,,
665,7.549592971801758,942.6699829101562,0.933807373046875,0.066192626953125,,
666,7.702181816101074,933.0700073242188,0.9341201782226562,0.06587982177734375,,
667,7.491273403167725,933.969970703125,0.9336471557617188,0.06635284423828125,,
668,7.65421724319458,924.8599853515625,0.934173583984375,0.065826416015625,,
669,7.341556549072266,880.5,0.9335556030273438,0.06644439697265625,,
670,7.35167121887207,854.3300170898438,0.932952880859375,0.067047119140625,,
671,7.54360294342041,907.0,0.9335174560546875,0.0664825439453125,,
672,7.564758777618408,933.6799926757812,0.934661865234375,0.065338134765625,,
673,7.493274688720703,907.030029296875,0.9359512329101562,0.06404876708984375,,
674,7.4542951583862305,880.719970703125,0.9362411499023438,0.06375885009765625,,
675,7.379680633544922,878.3499755859375,0.9356842041015625,0.0643157958984375,,
676,7.529051780700684,933.3200073242188,0.9356536865234375,0.0643463134765625,,
677,7.7751569747924805,889.27001953125,0.9361190795898438,0.06388092041015625,,
678,7.35880708694458,873.0900268554688,0.9373397827148438,0.06266021728515625,,
679,7.640990257263184,915.9400024414062,0.93798828125,0.06201171875,,
680,7.131507873535156,862.4000244140625,0.9390335083007812,0.06096649169921875,,
681,7.1212873458862305,899.9400024414062,0.9384078979492188,0.06159210205078125,,
682,7.193840026855469,871.4500122070312,0.9380950927734375,0.0619049072265625,,
683,7.621891021728516,915.5800170898438,0.9381561279296875,0.0618438720703125,,
684,7.663763999938965,907.010009765625,0.9384765625,0.0615234375,,
685,7.849247932434082,924.0999755859375,0.93890380859375,0.06109619140625,,
686,7.645764350891113,933.4000244140625,0.9393463134765625,0.0606536865234375,,
687,7.892963409423828,933.280029296875,0.9392852783203125,0.0607147216796875,,
688,7.60758113861084,923.1199951171875,0.939422607421875,0.060577392578125,,
689,7.622901916503906,893.97998046875,0.9394989013671875,0.0605010986328125,,
690,7.609550476074219,898.5599975585938,0.9393386840820312,0.06066131591796875,,
691,7.751970291137695,915.5800170898438,0.9392318725585938,0.06076812744140625,,
692,7.687511920928955,919.52001953125,0.9384384155273438,0.06156158447265625,,
693,7.756325721740723,951.02001953125,0.937347412109375,0.062652587890625,,
694,7.5554938316345215,933.8499755859375,0.9372406005859375,0.0627593994140625,,
695,7.880789756774902,951.1099853515625,0.9388580322265625,0.0611419677734375,,
696,7.54957914352417,906.22998046875,0.9387054443359375,0.0612945556640625,,
697,7.688186168670654,942.219970703125,0.9381332397460938,0.06186676025390625,,
698,7.509243011474609,879.9500122070312,0.9370651245117188,0.06293487548828125,,
699,7.536830425262451,907.1599731445312,0.9350662231445312,0.06493377685546875,,
700,7.739922523498535,933.7100219726562,0.9355239868164062,0.06447601318359375,,
701,7.264358997344971,873.0,0.9370651245117188,0.06293487548828125,,
702,7.604140281677246,943.260009765625,0.935760498046875,0.064239501953125,,
703,7.511701583862305,906.5700073242188,0.93548583984375,0.06451416015625,,
704,7.446571350097656,881.7100219726562,0.936126708984375,0.063873291015625,,
705,7.746716499328613,923.3900146484375,0.9360885620117188,0.06391143798828125,,
706,7.387998580932617,915.469970703125,0.9368133544921875,0.0631866455078125,,
707,7.786908149719238,933.719970703125,0.9374542236328125,0.0625457763671875,,
708,7.580685615539551,888.469970703125,0.9378204345703125,0.0621795654296875,,
709,7.745260715484619,915.760009765625,0.9379806518554688,0.06201934814453125,,
710,7.4877543449401855,907.97998046875,0.9386978149414062,0.06130218505859375,,
711,7.297657489776611,862.0999755859375,0.9397201538085938,0.06027984619140625,,
712,7.775685787200928,899.4500122070312,0.9398040771484375,0.0601959228515625,,
713,7.3166656494140625,923.2999877929688,0.9401931762695312,0.05980682373046875,,
714,7.732948303222656,900.1799926757812,0.940582275390625,0.059417724609375,,
715,7.203497886657715,889.8900146484375,0.9399948120117188,0.06000518798828125,,
716,7.71061372756958,913.7100219726562,0.9393386840820312,0.06066131591796875,,
717,7.912670612335205,931.1500244140625,0.939208984375,0.060791015625,,
718,7.834456920623779,933.9199829101562,0.9391937255859375,0.0608062744140625,,
719,7.2740960121154785,924.5999755859375,0.93994140625,0.06005859375,,
720,7.519325256347656,901.8699951171875,0.9400634765625,0.0599365234375,,
721,7.126699924468994,908.27001953125,0.9398040771484375,0.0601959228515625,,
722,7.695555210113525,898.4099731445312,0.9400253295898438,0.05997467041015625,,
723,7.997807025909424,950.5999755859375,0.940521240234375,0.059478759765625,,
724,7.912018299102783,942.239990234375,0.9409713745117188,0.05902862548828125,,
725,7.722984313964844,915.7000122070312,0.9398422241210938,0.06015777587890625,,
726,7.686434745788574,933.52001953125,0.9400711059570312,0.05992889404296875,,
727,7.717602729797363,907.0800170898438,0.9412612915039062,0.05873870849609375,,
728,7.789618492126465,907.1699829101562,0.9420928955078125,0.0579071044921875,,
729,7.5844597816467285,898.5499877929688,0.9428634643554688,0.05713653564453125,,
730,7.325098991394043,890.0499877929688,0.9415664672851562,0.05843353271484375,,
731,7.535806655883789,913.2000122070312,0.9408416748046875,0.0591583251953125,,
732,7.590463638305664,890.1199951171875,0.9422988891601562,0.05770111083984375,,
733,7.149018287658691,863.4299926757812,0.9407958984375,0.0592041015625,,
734,7.4676103591918945,915.6300048828125,0.9384613037109375,0.0615386962890625,,
735,7.390163898468018,906.9600219726562,0.9380416870117188,0.06195831298828125,,
736,7.208781719207764,872.3900146484375,0.9371719360351562,0.06282806396484375,,
737,7.425004005432129,914.9400024414062,0.9356842041015625,0.0643157958984375,,
738,7.385972023010254,883.3300170898438,0.9342193603515625,0.0657806396484375,,
739,7.165987968444824,862.8900146484375,0.9326400756835938,0.06735992431640625,,
740,7.2755961418151855,861.75,0.9314727783203125,0.0685272216796875,,
741,7.557881832122803,880.7100219726562,0.931304931640625,0.068695068359375,,
742,7.227010726928711,863.8200073242188,0.9310836791992188,0.06891632080078125,,
743,7.412878036499023,881.3200073242188,0.9297943115234375,0.0702056884765625,,
744,6.936381816864014,818.1099853515625,0.9286117553710938,0.07138824462890625,,
745,7.311422348022461,858.5599975585938,0.9273300170898438,0.07266998291015625,,
746,7.37013053894043,873.5999755859375,0.9266357421875,0.0733642578125,,
747,7.805517196655273,909.6900024414062,0.926483154296875,0.073516845703125,,
748,7.39546537399292,871.75,0.9250946044921875,0.0749053955078125,,
749,7.591298580169678,898.2000122070312,0.9245223999023438,0.07547760009765625,,
750,7.654577255249023,886.3200073242188,0.9243850708007812,0.07561492919921875,,
751,7.585105895996094,892.1900024414062,0.9235076904296875,0.0764923095703125,,
752,7.699314594268799,898.010009765625,0.9237060546875,0.0762939453125,,
753,7.660972595214844,915.1799926757812,0.9233169555664062,0.07668304443359375,,
754,7.682016372680664,924.0,0.9220733642578125,0.0779266357421875,,
755,7.986028671264648,951.0800170898438,0.9232559204101562,0.07674407958984375,,
756,7.7714080810546875,933.7000122070312,0.9243316650390625,0.0756683349609375,,
757,7.7044548988342285,897.6799926757812,0.9246444702148438,0.07535552978515625,,
758,7.72335147857666,888.719970703125,0.9240036010742188,0.07599639892578125,,
759,7.795341968536377,915.3599853515625,0.924346923828125,0.075653076171875,,
760,7.6953864097595215,885.8200073242188,0.9272308349609375,0.0727691650390625,,
761,7.602400302886963,888.7999877929688,0.9277801513671875,0.0722198486328125,,
762,7.693467140197754,889.2100219726562,0.9283828735351562,0.07161712646484375,,
763,7.477055549621582,889.02001953125,0.9296188354492188,0.07038116455078125,,
764,7.318202972412109,864.030029296875,0.9297714233398438,0.07022857666015625,,
765,6.94626522064209,827.9500122070312,0.9281845092773438,0.07181549072265625,,
766,7.717838764190674,916.4600219726562,0.9270782470703125,0.0729217529296875,,
767,7.681443214416504,891.2100219726562,0.92803955078125,0.07196044921875,,
768,7.214357376098633,857.780029296875,0.928009033203125,0.071990966796875,,
769,7.712514877319336,907.1699829101562,0.9289169311523438,0.07108306884765625,,
770,7.603294372558594,906.6599731445312,0.9301986694335938,0.06980133056640625,,
771,7.633876323699951,924.22998046875,0.930694580078125,0.069305419921875,,
772,7.493227005004883,898.9299926757812,0.93170166015625,0.06829833984375,,
773,6.9651899337768555,855.3499755859375,0.9315719604492188,0.06842803955078125,,
774,7.761876106262207,903.3599853515625,0.9324951171875,0.0675048828125,,
775,7.871526718139648,924.8599853515625,0.9345779418945312,0.06542205810546875,,
776,7.014361381530762,881.280029296875,0.9350204467773438,0.06497955322265625,,
777,7.295533180236816,859.7000122070312,0.9339828491210938,0.06601715087890625,,
778,7.77116584777832,880.0800170898438,0.9343109130859375,0.0656890869140625,,
779,7.223409175872803,862.4199829101562,0.9338150024414062,0.06618499755859375,,
780,7.923641681671143,934.25,0.9337158203125,0.0662841796875,,
781,7.698051452636719,924.8599853515625,0.9350967407226562,0.06490325927734375,,
782,7.5974016189575195,924.1500244140625,0.9349136352539062,0.06508636474609375,,
783,7.894366264343262,930.0599975585938,0.935638427734375,0.064361572265625,,
784,7.938403129577637,933.3300170898438,0.9364166259765625,0.0635833740234375,,
785,7.784151077270508,924.969970703125,0.9363937377929688,0.06360626220703125,,
786,7.694530487060547,941.9600219726562,0.9348373413085938,0.06516265869140625,,
787,7.82907772064209,915.5499877929688,0.9351577758789062,0.06484222412109375,,
788,7.6085615158081055,915.6799926757812,0.934326171875,0.065673828125,,
789,7.790544033050537,923.8499755859375,0.934295654296875,0.065704345703125,,
790,7.539166450500488,933.510009765625,0.9336624145507812,0.06633758544921875,,
791,7.822033882141113,934.22998046875,0.9345703125,0.0654296875,,
792,7.524726390838623,924.6900024414062,0.934051513671875,0.065948486328125,,
793,7.845252990722656,951.0700073242188,0.9344711303710938,0.06552886962890625,,
794,7.686958312988281,933.260009765625,0.9367828369140625,0.0632171630859375,,
795,7.829555034637451,916.7899780273438,0.9402923583984375,0.0597076416015625,,
796,7.639209747314453,898.1300048828125,0.9418182373046875,0.0581817626953125,,
797,7.540457248687744,907.030029296875,0.94097900390625,0.05902099609375,,
798,7.838729381561279,933.4299926757812,0.9424362182617188,0.05756378173828125,,
799,7.398585319519043,863.3300170898438,0.9427566528320312,0.05724334716796875,,
800,7.690247535705566,896.030029296875,0.942657470703125,0.057342529296875,,
801,7.365279197692871,911.1300048828125,0.9422607421875,0.0577392578125,,
802,7.62343692779541,908.5499877929688,0.941375732421875,0.058624267578125,,
803,7.346442699432373,900.5800170898438,0.9424285888671875,0.0575714111328125,,
804,7.36692476272583,880.4199829101562,0.9426116943359375,0.0573883056640625,,
805,7.793779373168945,924.1500244140625,0.94268798828125,0.05731201171875,,
806,7.103989601135254,880.469970703125,0.9425430297851562,0.05745697021484375,,
807,7.867545127868652,915.9500122070312,0.9439163208007812,0.05608367919921875,,
808,7.715722560882568,915.47998046875,0.944915771484375,0.055084228515625,,
809,7.798125267028809,888.8099975585938,0.9453125,0.0546875,,
810,7.546887397766113,898.0700073242188,0.9451065063476562,0.05489349365234375,,
811,8.04433822631836,942.6699829101562,0.9447784423828125,0.0552215576171875,,
812,7.753118991851807,880.8699951171875,0.9451141357421875,0.0548858642578125,,
813,7.7669172286987305,924.1900024414062,0.9441299438476562,0.05587005615234375,,
814,7.890872001647949,924.8800048828125,0.9445343017578125,0.0554656982421875,,
815,7.79323148727417,924.1500244140625,0.9439926147460938,0.05600738525390625,,
816,7.885149002075195,960.0,0.945098876953125,0.054901123046875,,
817,7.691594123840332,924.8400268554688,0.9454498291015625,0.0545501708984375,,
818,7.648058891296387,925.0499877929688,0.94573974609375,0.05426025390625,,
819,7.84323787689209,951.1199951171875,0.946441650390625,0.053558349609375,,
820,7.833634376525879,934.0,0.9479217529296875,0.0520782470703125,,
821,7.631786346435547,906.52001953125,0.9483108520507812,0.05168914794921875,,
822,7.451589584350586,880.3499755859375,0.9478378295898438,0.05216217041015625,,
823,7.369585990905762,889.969970703125,0.9454193115234375,0.0545806884765625,,
824,7.586661338806152,889.3900146484375,0.9434280395507812,0.05657196044921875,,
825,7.596702575683594,924.4400024414062,0.9412384033203125,0.0587615966796875,,
826,7.724584579467773,908.1500244140625,0.9419326782226562,0.05806732177734375,,
827,7.776789665222168,925.5399780273438,0.9431304931640625,0.0568695068359375,,
828,7.835331916809082,907.6699829101562,0.943695068359375,0.056304931640625,,
829,7.262974739074707,889.6699829101562,0.9444580078125,0.0555419921875,,
830,7.775652885437012,915.75,0.9445953369140625,0.0554046630859375,,
831,7.5850830078125,897.47998046875,0.9446029663085938,0.05539703369140625,,
832,7.090902328491211,880.0399780273438,0.9442062377929688,0.05579376220703125,,
833,7.853789806365967,924.4500122070312,0.9438018798828125,0.0561981201171875,,
834,7.547430992126465,875.9199829101562,0.9442977905273438,0.05570220947265625,,
835,7.343233108520508,874.97998046875,0.9432296752929688,0.05677032470703125,,
836,7.73422908782959,880.1300048828125,0.943206787109375,0.056793212890625,,
837,7.248777389526367,872.0999755859375,0.94281005859375,0.05718994140625,,
838,7.19572639465332,836.8900146484375,0.9410858154296875,0.0589141845703125,,
839,7.691913604736328,925.0599975585938,0.9412155151367188,0.05878448486328125,,
840,7.766666412353516,906.3400268554688,0.9421615600585938,0.05783843994140625,,
841,7.760288238525391,898.22998046875,0.9415359497070312,0.05846405029296875,,
842,7.799830436706543,925.1699829101562,0.941253662109375,0.058746337890625,,
843,7.94719123840332,925.1300048828125,0.9415359497070312,0.05846405029296875,,
844,7.823174476623535,907.5900268554688,0.9418106079101562,0.05818939208984375,,
845,7.755921363830566,906.6199951171875,0.94140625,0.05859375,,
846,7.8684563636779785,915.5900268554688,0.9413833618164062,0.05861663818359375,,
847,7.632055282592773,924.1599731445312,0.9412078857421875,0.0587921142578125,,
848,7.911744117736816,940.7000122070312,0.9424209594726562,0.05757904052734375,,
849,7.445032596588135,907.1199951171875,0.9411544799804688,0.05884552001953125,,
850,7.580649375915527,898.02001953125,0.9382705688476562,0.06172943115234375,,
851,7.7538862228393555,915.5599975585938,0.9376449584960938,0.06235504150390625,,
852,7.4209303855896,856.3699951171875,0.9384765625,0.0615234375,,
853,7.464108467102051,896.8200073242188,0.9389419555664062,0.06105804443359375,,
854,7.22274923324585,860.4099731445312,0.9381790161132812,0.06182098388671875,,
855,7.799014091491699,906.510009765625,0.937469482421875,0.062530517578125,,
856,7.260403633117676,862.0900268554688,0.9366455078125,0.0633544921875,,
857,7.220318794250488,889.760009765625,0.9346923828125,0.0653076171875,,
858,7.548665523529053,877.8300170898438,0.933746337890625,0.066253662109375,,
859,7.192296981811523,881.0800170898438,0.9329376220703125,0.0670623779296875,,
860,7.53203010559082,898.1799926757812,0.9330520629882812,0.06694793701171875,,
861,7.576816558837891,926.5499877929688,0.9326095581054688,0.06739044189453125,,
862,7.871770858764648,924.22998046875,0.9335479736328125,0.0664520263671875,,
863,7.68596076965332,915.1199951171875,0.933380126953125,0.066619873046875,,
864,7.321484565734863,890.0900268554688,0.9331893920898438,0.06681060791015625,,
865,7.896733283996582,933.9299926757812,0.9342041015625,0.0657958984375,,
866,7.389880657196045,885.3099975585938,0.934722900390625,0.065277099609375,,
867,7.756330490112305,902.3699951171875,0.9344711303710938,0.06552886962890625,,
868,7.6633219718933105,916.1400146484375,0.9362640380859375,0.0637359619140625,,
869,6.916328430175781,870.8699951171875,0.9353561401367188,0.06464385986328125,,
870,7.6423163414001465,925.22998046875,0.9346389770507812,0.06536102294921875,,
871,7.6167731285095215,912.7000122070312,0.934967041015625,0.065032958984375,,
872,7.613483428955078,924.0499877929688,0.9350433349609375,0.0649566650390625,,
873,7.333535671234131,906.5700073242188,0.9343719482421875,0.0656280517578125,,
874,7.9931745529174805,942.1599731445312,0.9337539672851562,0.06624603271484375,,
875,7.886114120483398,942.5499877929688,0.934783935546875,0.065216064453125,,
876,7.710869789123535,915.1400146484375,0.9355392456054688,0.06446075439453125,,
877,7.419539451599121,920.5800170898438,0.934295654296875,0.065704345703125,,
878,7.830470085144043,915.3300170898438,0.9339523315429688,0.06604766845703125,,
879,7.667491912841797,925.6099853515625,0.935028076171875,0.064971923828125,,
880,7.721658229827881,933.4099731445312,0.9363861083984375,0.0636138916015625,,
881,7.8297929763793945,933.27001953125,0.9372787475585938,0.06272125244140625,,
882,7.598574161529541,889.6599731445312,0.9382247924804688,0.06177520751953125,,
883,7.486968040466309,873.0399780273438,0.9387359619140625,0.0612640380859375,,
884,7.464330673217773,898.3900146484375,0.9394989013671875,0.0605010986328125,,
885,7.06046199798584,873.030029296875,0.9390335083007812,0.06096649169921875,,
886,7.510446548461914,880.9400024414062,0.937713623046875,0.062286376953125,,
887,7.580745697021484,890.010009765625,0.93780517578125,0.06219482421875,,
888,7.683282852172852,880.47998046875,0.9390411376953125,0.0609588623046875,,
889,7.463274955749512,909.010009765625,0.939971923828125,0.060028076171875,,
890,7.341142654418945,890.3599853515625,0.9403915405273438,0.05960845947265625,,
891,7.554607391357422,889.8400268554688,0.9402847290039062,0.05971527099609375,,
892,7.559750556945801,871.739990234375,0.9390182495117188,0.06098175048828125,,
893,7.418939113616943,863.219970703125,0.9382247924804688,0.06177520751953125,,
894,7.6462788581848145,907.3099975585938,0.9383010864257812,0.06169891357421875,,
895,8.007610321044922,925.1500244140625,0.9378204345703125,0.0621795654296875,,
896,7.722928047180176,933.1099853515625,0.9386062622070312,0.06139373779296875,,
897,7.669531345367432,915.7899780273438,0.9396438598632812,0.06035614013671875,,
898,7.651635646820068,906.27001953125,0.939239501953125,0.060760498046875,,
899,7.7053914070129395,897.4000244140625,0.9396743774414062,0.06032562255859375,,
900,7.760693550109863,934.1699829101562,0.939788818359375,0.060211181640625,,
901,7.678408145904541,906.6300048828125,0.9395599365234375,0.0604400634765625,,
902,7.36768102645874,898.52001953125,0.939544677734375,0.060455322265625,,
903,7.902606964111328,925.0599975585938,0.940582275390625,0.059417724609375,,
904,7.486102104187012,925.2999877929688,0.94024658203125,0.05975341796875,,
905,7.64272403717041,924.2000122070312,0.9396209716796875,0.0603790283203125,,
906,7.516273498535156,908.489990234375,0.9384384155273438,0.06156158447265625,,
907,7.862807273864746,933.8400268554688,0.9379653930664062,0.06203460693359375,,
908,7.753850936889648,907.0499877929688,0.9373703002929688,0.06262969970703125,,
909,7.863659381866455,942.25,0.9371337890625,0.0628662109375,,
910,7.702585220336914,915.5599975585938,0.937286376953125,0.062713623046875,,
911,7.82533597946167,925.3099975585938,0.9366455078125,0.0633544921875,,
912,7.662984848022461,917.3900146484375,0.9357681274414062,0.06423187255859375,,
913,7.587197303771973,880.4299926757812,0.9363937377929688,0.06360626220703125,,
914,7.892620086669922,906.5499877929688,0.9377517700195312,0.06224822998046875,,
915,7.26191520690918,916.9400024414062,0.9380340576171875,0.0619659423828125,,
916,6.973901271820068,827.969970703125,0.9374313354492188,0.06256866455078125,,
917,7.4094061851501465,898.02001953125,0.9356613159179688,0.06433868408203125,,
918,7.558075904846191,907.260009765625,0.9345932006835938,0.06540679931640625,,
919,7.638245105743408,915.9299926757812,0.9347763061523438,0.06522369384765625,,
920,7.6843156814575195,907.6500244140625,0.9345550537109375,0.0654449462890625,,
921,7.585013389587402,906.9000244140625,0.93560791015625,0.06439208984375,,
922,8.05459213256836,924.6900024414062,0.936676025390625,0.063323974609375,,
923,7.979683876037598,924.75,0.9383544921875,0.0616455078125,,
924,7.164436340332031,889.27001953125,0.9390106201171875,0.0609893798828125,,
925,7.388607978820801,906.780029296875,0.938232421875,0.061767578125,,
926,7.369863510131836,864.7899780273438,0.9367828369140625,0.0632171630859375,,
927,7.374598026275635,871.0599975585938,0.9347686767578125,0.0652313232421875,,
928,7.730264186859131,924.8599853515625,0.9351119995117188,0.06488800048828125,,
929,7.544278144836426,889.530029296875,0.9345626831054688,0.06543731689453125,,
930,7.824761390686035,934.02001953125,0.9343948364257812,0.06560516357421875,,
931,7.525046348571777,908.989990234375,0.9346237182617188,0.06537628173828125,,
932,7.752936840057373,942.6400146484375,0.9354095458984375,0.0645904541015625,,
933,7.714962005615234,916.5399780273438,0.9357833862304688,0.06421661376953125,,
934,7.595131874084473,915.4400024414062,0.93585205078125,0.06414794921875,,
935,7.484027862548828,925.1300048828125,0.93487548828125,0.06512451171875,,
936,7.845992088317871,907.3800048828125,0.936004638671875,0.063995361328125,,
937,7.816837787628174,916.0599975585938,0.9366455078125,0.0633544921875,,
938,7.633677959442139,897.780029296875,0.936370849609375,0.063629150390625,,
939,7.830297470092773,915.5599975585938,0.93597412109375,0.06402587890625,,
940,7.71093225479126,924.27001953125,0.9352035522460938,0.06479644775390625,,
941,7.650997638702393,892.0700073242188,0.9348297119140625,0.0651702880859375,,
942,7.681506156921387,907.0399780273438,0.9338226318359375,0.0661773681640625,,
943,7.764441967010498,915.9199829101562,0.9343185424804688,0.06568145751953125,,
944,7.296466827392578,898.9400024414062,0.9343643188476562,0.06563568115234375,,
945,7.531160354614258,906.75,0.9352874755859375,0.0647125244140625,,
946,7.51973819732666,899.47998046875,0.936859130859375,0.063140869140625,,
947,7.639832496643066,909.5999755859375,0.9389572143554688,0.06104278564453125,,
948,7.478667259216309,881.280029296875,0.9397354125976562,0.06026458740234375,,
949,7.900784492492676,924.4000244140625,0.9402389526367188,0.05976104736328125,,
950,7.346747398376465,894.7000122070312,0.9404296875,0.0595703125,,
951,7.415798187255859,924.8400268554688,0.9398651123046875,0.0601348876953125,,
952,7.849087238311768,933.239990234375,0.9403839111328125,0.0596160888671875,,
953,7.757287502288818,921.2000122070312,0.9402008056640625,0.0597991943359375,,
954,7.532742023468018,916.6099853515625,0.9403610229492188,0.05963897705078125,,
955,7.7047624588012695,916.0599975585938,0.9412155151367188,0.05878448486328125,,
956,7.623717308044434,889.969970703125,0.94146728515625,0.05853271484375,,
957,7.5347900390625,902.9099731445312,0.9422531127929688,0.05774688720703125,,
958,7.495517730712891,914.6799926757812,0.9416885375976562,0.05831146240234375,,
959,7.186036109924316,898.6199951171875,0.9417495727539062,0.05825042724609375,,
960,7.61026668548584,925.8900146484375,0.94189453125,0.05810546875,,
961,7.939395904541016,933.780029296875,0.9422988891601562,0.05770111083984375,,
962,7.671832084655762,915.22998046875,0.942169189453125,0.057830810546875,,
963,7.933332443237305,924.719970703125,0.9422531127929688,0.05774688720703125,,
964,7.742609024047852,906.280029296875,0.9426193237304688,0.05738067626953125,,
965,8.003654479980469,942.5800170898438,0.9436264038085938,0.05637359619140625,,
966,7.849133491516113,942.1400146484375,0.9435806274414062,0.05641937255859375,,
967,7.796379089355469,915.8900146484375,0.9439544677734375,0.0560455322265625,,
968,7.651972770690918,924.8099975585938,0.9437255859375,0.0562744140625,,
969,7.67905330657959,871.2000122070312,0.9439620971679688,0.05603790283203125,,
970,7.818169593811035,933.7000122070312,0.9438934326171875,0.0561065673828125,,
971,7.783997535705566,889.760009765625,0.9445724487304688,0.05542755126953125,,
972,7.592418670654297,898.8800048828125,0.9444580078125,0.0555419921875,,
973,7.593999862670898,889.219970703125,0.9437713623046875,0.0562286376953125,,
974,7.609341621398926,877.739990234375,0.9437026977539062,0.05629730224609375,,
975,7.450878620147705,907.3300170898438,0.9423065185546875,0.0576934814453125,,
976,7.531111717224121,894.0399780273438,0.94244384765625,0.05755615234375,,
977,7.5052008628845215,916.0599975585938,0.9415817260742188,0.05841827392578125,,
978,7.377523422241211,906.6799926757812,0.9412765502929688,0.05872344970703125,,
979,7.523062705993652,863.239990234375,0.941375732421875,0.058624267578125,,
980,7.675698280334473,889.5599975585938,0.9405441284179688,0.05945587158203125,,
981,7.449317932128906,854.9400024414062,0.9397964477539062,0.06020355224609375,,
982,7.238669395446777,857.760009765625,0.9377212524414062,0.06227874755859375,,
983,8.005193710327148,934.3699951171875,0.9366683959960938,0.06333160400390625,,
984,7.612090587615967,909.489990234375,0.93634033203125,0.06365966796875,,
985,7.666408538818359,907.030029296875,0.9362335205078125,0.0637664794921875,,
986,7.707632541656494,924.5999755859375,0.9365463256835938,0.06345367431640625,,
987,7.840027809143066,942.7000122070312,0.9377212524414062,0.06227874755859375,,
988,7.653365135192871,905.030029296875,0.9381027221679688,0.06189727783203125,,
989,7.787996292114258,916.0399780273438,0.9382247924804688,0.06177520751953125,,
990,7.5116777420043945,907.3300170898438,0.9378738403320312,0.06212615966796875,,
991,7.353536605834961,898.75,0.9369735717773438,0.06302642822265625,,
992,7.953830718994141,942.8400268554688,0.9373626708984375,0.0626373291015625,,
993,7.820552349090576,907.1699829101562,0.937652587890625,0.062347412109375,,
994,7.877779960632324,909.6900024414062,0.9382476806640625,0.0617523193359375,,
995,7.586965560913086,915.760009765625,0.9374923706054688,0.06250762939453125,,
996,7.660395622253418,924.469970703125,0.9370346069335938,0.06296539306640625,,
997,7.499246597290039,889.0399780273438,0.9364852905273438,0.06351470947265625,,
998,7.835554122924805,924.77001953125,0.9366455078125,0.0633544921875,,
999,7.697846412658691,907.1900024414062,0.9366683959960938,0.06333160400390625,,
