seed,model,episodes,failed_episodes,survival_rate,episode_duration_mean_s,observed_forward_distance_mean_m,forward_speed_mean_m_s,roll_pitch_angular_speed_rms_rad_s,action_delta_rms_per_joint
5001,flat,512,444,0.1328125,7.271061897277832,15.108022689819336,1.873337984085083,1.579774260520935,0.40729713439941406
5001,rough,512,60,0.8828125,15.040624618530273,66.57435607910156,4.3257880210876465,2.075024127960205,0.3304256200790405
5001,recovery,512,32,0.9375,15.42665958404541,64.80035400390625,4.123154640197754,1.81295645236969,0.30088692903518677
5002,flat,512,411,0.197265625,8.068815231323242,16.489742279052734,1.8605622053146362,1.5871765613555908,0.4046279788017273
5002,rough,512,36,0.9296875,15.351236343383789,68.70365905761719,4.3825201988220215,2.0558955669403076,0.32941484451293945
5002,recovery,512,26,0.94921875,15.561816215515137,65.99851989746094,4.165416717529297,1.7734376192092896,0.29818886518478394
5003,flat,512,434,0.15234375,7.181901454925537,13.871498107910156,1.7379511594772339,1.5997788906097412,0.40150195360183716
5003,rough,512,52,0.8984375,15.195638656616211,66.98798370361328,4.3319411277771,2.0661442279815674,0.3323467969894409
5003,recovery,512,24,0.953125,15.557324409484863,65.47887420654297,4.149497985839844,1.7990350723266602,0.301117479801178
5004,flat,512,436,0.1484375,7.747363567352295,15.876087188720703,1.8804363012313843,1.600272297859192,0.40590357780456543
5004,rough,512,42,0.91796875,15.390657424926758,67.90038299560547,4.362187385559082,2.0544168949127197,0.3325379490852356
5004,recovery,512,23,0.955078125,15.620475769042969,66.0962142944336,4.18748664855957,1.7736642360687256,0.29993167519569397
5005,flat,512,421,0.177734375,7.658235549926758,15.043581008911133,1.790541172027588,1.578275442123413,0.40101492404937744
5005,rough,512,53,0.896484375,15.24169921875,67.3431396484375,4.332716941833496,2.0561866760253906,0.33086198568344116
5005,recovery,512,23,0.955078125,15.686491012573242,66.4546890258789,4.2001848220825195,1.779422640800476,0.30081844329833984
